<?xml version="1.0" encoding="UTF-8"?>
<!DOCTYPE xmeml>
<xmeml version="1"><sequence id="TRON">	<name>TRON</name>	<duration>5474</duration>	<rate>		<ntsc>FALSE</ntsc>		<timebase>25</timebase>	</rate>	<timecode>		<rate>			<ntsc>FALSE</ntsc>			<timebase>25</timebase>		</rate>		<string>01:00:00:00</string>		<frame>90000</frame>		<source>source</source>		<displayformat>NDF</displayformat>	</timecode>	<in>-1</in>	<out>-1</out>	<media>		<video>			<format>				<samplecharacteristics>					<width>640</width>					<height>288</height>					<anamorphic>FALSE</anamorphic>					<pixelaspectratio>Square</pixelaspectratio>					<fielddominance>none</fielddominance>					<rate>						<ntsc>FALSE</ntsc>						<timebase>25</timebase>					</rate>					<colordepth>24</colordepth>					<codec>						<name>H.264</name>						<appspecificdata>							<appname>Final Cut Pro</appname>							<appmanufacturer>Apple Computer, Inc.</appmanufacturer>							<appversion>5.0</appversion>							<data>								<qtcodec>									<codecname>H.264</codecname>									<codectypename>H.264</codectypename>									<codectypecode>avc1</codectypecode>									<codecvendorcode>appl</codecvendorcode>									<spatialquality>1023</spatialquality>									<temporalquality>512</temporalquality>									<keyframerate>0</keyframerate>									<datarate>0</datarate>								</qtcodec>							</data>						</appspecificdata>					</codec>				</samplecharacteristics>				<appspecificdata>					<appname>Final Cut Pro</appname>					<appmanufacturer>Apple Computer, Inc.</appmanufacturer>					<appversion>5.0</appversion>					<data>						<fcpimageprocessing>							<useyuv>TRUE</useyuv>							<usesuperwhite>FALSE</usesuperwhite>							<rendermode>RGB</rendermode>						</fcpimageprocessing>					</data>				</appspecificdata>			</format>			<track>				<clipitem id="tron.mov">					<name>tron.mov</name>					<duration>5474</duration>					<rate>						<ntsc>FALSE</ntsc>						<timebase>25</timebase>					</rate>					<in>0</in>					<out>5474</out>					<start>0</start>					<end>5474</end>					<pixelaspectratio>Square</pixelaspectratio>					<enabled>TRUE</enabled>					<anamorphic>FALSE</anamorphic>					<alphatype>none</alphatype>					<masterclipid>tron.mov1</masterclipid>					<logginginfo>						<scene>						</scene>						<shottake>						</shottake>						<lognote>						</lognote>						<good>FALSE</good>					</logginginfo>					<labels>						<label2>						</label2>					</labels>					<comments>						<mastercomment1>						</mastercomment1>						<mastercomment2>						</mastercomment2>						<mastercomment3>						</mastercomment3>						<mastercomment4>						</mastercomment4>					</comments>					<file id="tron">						<name>tron</name>						<pathurl>file://localhost/Users/rukano/Documents/projects/SCTron/data/tron.mov</pathurl>						<rate>							<timebase>25</timebase>						</rate>						<duration>5474</duration>						<media>							<video>								<duration>5474</duration>								<samplecharacteristics>									<width>640</width>									<height>288</height>								</samplecharacteristics>							</video>						</media>					</file>					<sourcetrack>						<mediatype>video</mediatype>					</sourcetrack>					<fielddominance>none</fielddominance>				</clipitem>				<enabled>TRUE</enabled>				<locked>FALSE</locked>			</track>		</video>		<audio>			<format>				<samplecharacteristics>					<depth>16</depth>					<samplerate>48000</samplerate>				</samplecharacteristics>			</format>			<outputs>				<group>					<index>1</index>					<numchannels>2</numchannels>					<downmix>0</downmix>					<channel>						<index>1</index>					</channel>					<channel>						<index>2</index>					</channel>				</group>			</outputs>			<in>-1</in>			<out>-1</out>			<track>				<enabled>TRUE</enabled>				<locked>FALSE</locked>				<outputchannelindex>1</outputchannelindex>			</track>			<track>				<enabled>TRUE</enabled>				<locked>FALSE</locked>				<outputchannelindex>2</outputchannelindex>			</track>			<track>				<enabled>TRUE</enabled>				<locked>FALSE</locked>				<outputchannelindex>1</outputchannelindex>			</track>			<track>				<enabled>TRUE</enabled>				<locked>FALSE</locked>				<outputchannelindex>2</outputchannelindex>			</track>		</audio>	</media>	<ismasterclip>FALSE</ismasterclip>	<marker>		<name>intro</name>		<comment>		</comment>		<in>0</in>		<out>-1</out>	</marker>	<marker>		<name>computerView</name>		<comment>		</comment>		<in>34</in>		<out>-1</out>	</marker>	<marker>		<name>talk</name>		<comment>		</comment>		<in>230</in>		<out>-1</out>	</marker>	<marker>		<name>laser</name>		<comment>		</comment>		<in>283</in>		<out>-1</out>	</marker>	<marker>		<name>dematerialize</name>		<comment>		</comment>		<in>426</in>		<out>-1</out>	</marker>	<marker>		<name>absorbe</name>		<comment>		</comment>		<in>741</in>		<out>-1</out>	</marker>	<marker>		<name>tripStart</name>		<comment>		</comment>		<in>772</in>		<out>-1</out>	</marker>	<marker>		<name>newPlace</name>		<comment>		</comment>		<in>1384</in>		<out>-1</out>	</marker>	<marker>		<name>digitalEarth</name>		<comment>		</comment>		<in>1822</in>		<out>-1</out>	</marker>	<marker>		<name>tripEnd</name>		<comment>		</comment>		<in>2063</in>		<out>-1</out>	</marker>	<marker>		<name>materialize</name>		<comment>		</comment>		<in>2116</in>		<out>-1</out>	</marker>	<marker>		<name>roomLights</name>		<comment>		</comment>		<in>2216</in>		<out>-1</out>	</marker>	<marker>		<name>handLights</name>		<comment>		</comment>		<in>2451</in>		<out>-1</out>	</marker>	<marker>		<name>guardComes</name>		<comment>		</comment>		<in>2788</in>		<out>-1</out>	</marker>	<marker>		<name>guardHits</name>		<comment>		</comment>		<in>2959</in>		<out>-1</out>	</marker>	<marker>		<name>guardWalks</name>		<comment>		</comment>		<in>3135</in>		<out>-1</out>	</marker>	<marker>		<name>mothership</name>		<comment>		</comment>		<in>3184</in>		<out>-1</out>	</marker>	<marker>		<name>ctrlRoom</name>		<comment>		</comment>		<in>3263</in>		<out>-1</out>	</marker>	<marker>		<name>lightJail</name>		<comment>		</comment>		<in>3374</in>		<out>-1</out>	</marker>	<marker>		<name>pcSpeaks1</name>		<comment>		</comment>		<in>3440</in>		<out>-1</out>	</marker>	<marker>		<name>xoSpeaks1</name>		<comment>		</comment>		<in>3722</in>		<out>-1</out>	</marker>	<marker>		<name>pcSpeaks2</name>		<comment>		</comment>		<in>3901</in>		<out>-1</out>	</marker>	<marker>		<name>xoSpeaks2</name>		<comment>		</comment>		<in>3989</in>		<out>-1</out>	</marker>	<marker>		<name>pcSpeaks3</name>		<comment>		</comment>		<in>4106</in>		<out>-1</out>	</marker>	<marker>		<name>xoSpeaks3</name>		<comment>		</comment>		<in>4201</in>		<out>-1</out>	</marker>	<marker>		<name>xoGetsPwned</name>		<comment>		</comment>		<in>4742</in>		<out>-1</out>	</marker>	<marker>		<name>drainEnergy</name>		<comment>		</comment>		<in>4883</in>		<out>-1</out>	</marker>	<marker>		<name>end</name>		<comment>		</comment>		<in>5397</in>		<out>-1</out>	</marker></sequence></xmeml>
